,,,,,,
DiGiCo,Quantum 7,,,,,
,Quantum 5,,,,,
,Quantum 338,,,,,
,Quantum 326,,,,,
,Quantum 225,,,,,
,SD10,,,,,
,Orange box,,,,,
,DMI-Dante / DMI-Dante2,,,,,
YAMAHA,Rivage PM10,,,,,
,Rivage PM7,,,,,
,Rivage PM5,,,,,
,DM7-EX,,,,,
,DSP-R10,,,,,
,DSP-RX,,,,,
,DSP-RX-EX,,,,,
,RPio622,,,,,
,RPio222,,,,,
,Rio3224-D2,,,,,
,Rio1608-D2,,,,,
,SWP1-8,,,,,
,HY144-D-SRC,,,,,
Solid State Logic,L650,,,,,
,L550+,,,,,
,L350+,,,,,
,ML 32.32,,,,,
,Blacklight II Concentrator,,,,,
Allen & Heath,S5000,,,,,
,DM64 MixRack,,,,,
Waves,Waves Central,,,,,
,SuperRack,,,,,
,Waves Plugins,,,,,
,WSG-HY128,,,,,
Shure,Axient Digital body pack / handheld,,,,,
,AD4Q Quad Rx,,,,,
,AD600 Spectrum Manager,,,,,
,AD610 ShowLink,,,,,
,AD8C PSM Antenna Combiner,,,,,
,ADTQUS = -G57 Quad Tx,,,,,
,ADX1 / ADX2,,,,,
,ADXR,,,,,
,SBC240 Tx 2-bay charger,,,,,
,SBC441 Tx 4-bay charger,,,,,
,SBRC-US rack mount charging station,,,,,
d&b,D40,,,,,
,D90,,,,,
,DN1 Switch,,,,,
